symbol,base,onboard_date,vol24h_usdt,kl_start,kl_end,n_days,n_funding
BTCUSDT,BTC,2019-09-08,7811543245.9,2019-09-08,2026-07-12,2500,7493
ETHUSDT,ETH,2019-11-27,6896625367.33,2019-11-27,2026-07-12,2420,7259
BANKUSDT,BANK,2025-04-18,1163623308.16659,2025-04-18,2026-07-22,461,2760
SOLUSDT,SOL,2020-09-14,1077661191.8388,2020-09-14,2026-07-12,2128,6460
HYPEUSDT,HYPE,2025-05-30,728844681.78465,2025-05-30,2026-07-22,419,2510
ZECUSDT,ZEC,2020-02-05,485297023.92,2020-02-05,2026-07-12,2350,7052
XRPUSDT,XRP,2020-01-06,470906847.1748,2020-01-06,2026-07-12,2380,7139
DEXEUSDT,DEXE,2024-12-24,416038750.70072,2024-12-24,2026-07-22,576,3479
ERAUSDT,ERA,2025-07-17,293202169.14861,2025-07-17,2026-07-22,371,2315
DOGEUSDT,DOGE,2020-07-10,243897455.13563,2020-07-10,2026-07-12,2194,6581
REUSDT,RE,2026-06-18,229862012.4062,2026-06-18,2026-07-22,35,205
LABUSDT,LAB,2025-10-17,228837636.6878,2025-10-17,2026-07-22,279,2058
AKEUSDT,AKE,2025-09-26,186628186.9813791,2025-09-26,2026-07-22,300,1796
BNBUSDT,BNB,2020-02-10,173036343.55,2020-02-10,2026-07-12,2345,7034
ADAUSDT,ADA,2020-01-31,153811307.2346,2020-01-31,2026-07-12,2355,7099
RIFUSDT,RIF,2023-10-21,148791651.1098,2023-10-21,2026-07-22,1006,6080
NEARUSDT,NEAR,2020-10-15,129918138.639,2020-10-15,2026-07-12,2097,6292
ONDOUSDT,ONDO,2024-01-20,127058399.83968,2024-01-20,2026-07-22,915,5485
WLDUSDT,WLD,2023-07-24,118182837.4527,2023-07-24,2026-07-22,1095,3283
1000PEPEUSDT,1000PEPE,2023-05-05,110882531.8699576,2023-05-05,2026-07-22,1175,3523
SUIUSDT,SUI,2023-05-03,109977107.4219,2023-05-03,2026-07-22,1177,3529
ENAUSDT,ENA,2024-04-02,108749457.69457,2024-04-02,2026-07-22,842,5047
AAVEUSDT,AAVE,2020-10-16,106889833.219,2020-10-16,2026-07-12,2096,6287
ESPORTSUSDT,ESPORTS,2025-07-29,103147159.14004,2025-07-29,2026-07-22,359,2405
MIRAUSDT,MIRA,2025-09-26,99391130.94581,2025-09-26,2026-07-22,300,2030
PUMPUSDT,PUMP,2025-07-10,81600952.006078,2025-07-10,2026-07-22,378,2672
PAXGUSDT,PAXG,2025-03-27,77985286.0425,2025-03-27,2026-07-22,483,2895
LINKUSDT,LINK,2020-01-17,73640873.492,2020-01-17,2026-07-12,2369,7106
TAOUSDT,TAO,2024-04-11,67606651.08,2024-04-11,2026-07-22,833,4993
UNIUSDT,UNI,2020-09-18,66042301.147,2020-09-18,2026-07-12,2124,6374
NIGHTUSDT,NIGHT,2025-12-10,64302064.49189,2025-12-10,2026-07-22,225,1346
BROCCOLIF3BUSDT,BROCCOLIF3B,2025-03-21,63668783.040883,2025-03-21,2026-07-22,489,4064
ONEUSDT,ONE,2021-03-17,61532212.88567,2021-03-18,2026-07-22,1953,5858
XLMUSDT,XLM,2020-01-20,61199104.43732,2020-01-20,2026-07-12,2366,7099
DODOXUSDT,DODOX,2023-08-08,59534467.207356,2023-08-08,2026-07-22,1080,6284
AVAXUSDT,AVAX,2020-09-23,54801689.041,2020-09-23,2026-07-12,2119,6358
B2USDT,B2,2025-05-06,52636787.9833,2025-05-06,2026-07-22,443,2653
LTCUSDT,LTC,2020-01-09,46264488.28,2020-01-09,2026-07-12,2377,7130
BCHUSDT,BCH,2019-12-19,44755300.16,2019-12-19,2026-07-12,2398,7192
EPICUSDT,EPIC,2025-03-13,44395463.36582,2025-03-13,2026-07-22,497,3023
1000BONKUSDT,1000BONK,2023-11-22,42639440.56531,2023-11-22,2026-07-22,974,5839
ACEUSDT,ACE,2023-12-18,40302909.753937,2023-12-18,2026-07-22,948,5891
TLMUSDT,TLM,2023-03-29,39836515.198072,2023-03-30,2026-07-22,1211,5947
HBARUSDT,HBAR,2021-03-17,39536261.27493,2021-03-17,2026-07-22,1954,5861
1000XECUSDT,1000XEC,2021-09-16,39119122.751228,2021-09-17,2026-07-22,1770,5509
LITUSDT,LIT,2025-12-23,38926491.49515,2025-12-23,2026-07-22,212,1266
KAITOUSDT,KAITO,2025-02-20,37507682.89216,2025-02-20,2026-07-22,518,3103
FILUSDT,FIL,2020-10-16,37410845.090364,2020-10-16,2026-07-12,2096,6287
DOTUSDT,DOT,2020-08-22,37341906.052956,2020-08-22,2026-07-12,2151,6458
XMRUSDT,XMR,2020-02-03,35806843.48,2020-02-03,2026-07-22,2362,7129
TRUMPUSDT,TRUMP,2025-01-18,34778005.9178,2025-01-18,2026-07-22,551,3301
UBUSDT,UB,2025-09-12,34567953.74424,2025-09-12,2026-07-22,314,1880
ZAMAUSDT,ZAMA,2026-01-09,32036223.0804,2026-01-09,2026-07-22,195,1166
LAUSDT,LA,2025-06-05,31940296.561756,2025-06-05,2026-07-22,413,4228
ARBUSDT,ARB,2023-03-23,30065816.63604,2023-03-23,2026-07-12,1208,3623
LISTAUSDT,LISTA,2024-06-20,30065187.21524,2024-06-20,2026-07-22,763,4573
BLESSUSDT,BLESS,2025-09-23,29090599.129415,2025-09-23,2026-07-22,303,1814
INJUSDT,INJ,2022-08-16,28023789.1624,2022-08-17,2026-07-12,1426,4279
WLFIUSDT,WLFI,2025-08-23,27214981.37489,2025-08-23,2026-07-22,334,2000
XAUTUSDT,XAUT,2026-03-26,27042738.35,2026-03-26,2026-07-22,119,709
TRXUSDT,TRX,2020-01-15,26887961.35596,2020-01-15,2026-07-12,2371,7112
USUSDT,US,2025-12-12,25734569.828922,2025-12-12,2026-07-22,223,1334
ALLOUSDT,ALLO,2025-11-11,25702112.60701,2025-11-11,2026-07-22,254,1520
GRAMUSDT,GRAM,2026-07-02,24749331.5476,2026-07-02,2026-07-22,21,124
PROMUSDT,PROM,2025-01-15,24707944.0779,2025-01-15,2026-07-22,554,3319
HOMEUSDT,HOME,2025-06-10,24349054.511477,2025-06-10,2026-07-22,408,2789
PENGUUSDT,PENGU,2024-12-17,23725513.75125,2024-12-17,2026-07-22,583,3493
ONUSDT,ON,2025-10-24,23112412.56898,2025-10-24,2026-07-22,272,1636
BEATUSDT,BEAT,2025-11-12,22458506.7118,2025-11-12,2026-07-22,253,1850
VIRTUALUSDT,VIRTUAL,2024-12-10,21935626.53016,2024-12-10,2026-07-22,590,3535
LDOUSDT,LDO,2022-09-21,21569715.3278,2022-09-22,2026-07-22,1400,4199
SLXUSDT,SLX,2026-06-01,20354052.26017,2026-06-01,2026-07-22,52,500
ETHFIUSDT,ETHFI,2024-03-18,19675756.81601,2024-03-18,2026-07-22,857,5137
VVVUSDT,VVV,2025-01-29,19012008.9876,2025-01-29,2026-07-22,540,3237
HEMIUSDT,HEMI,2025-08-29,18426243.255683,2025-08-29,2026-07-22,328,1968
OPUSDT,OP,2022-06-01,18111100.73803,2022-06-01,2026-07-12,1503,4508
DASHUSDT,DASH,2020-02-04,17712529.83,2020-02-04,2026-07-12,2351,7052
JTOUSDT,JTO,2023-12-08,17118706.4184,2023-12-08,2026-07-22,958,5744
XPLUSDT,XPL,2025-08-22,16712629.40504,2025-08-22,2026-07-22,335,2006
TIAUSDT,TIA,2023-10-31,16480798.3878,2023-10-31,2026-07-22,996,5970
MORPHOUSDT,MORPHO,2024-11-27,16306777.63652,2024-11-27,2026-07-22,603,3613
APTUSDT,APT,2022-10-18,16092441.74285,2022-10-19,2026-07-12,1363,4090
SYNUSDT,SYN,2024-08-16,15928437.36954,2024-08-16,2026-07-22,706,4231
ASTERUSDT,ASTER,2025-09-19,15892292.1369,2025-09-19,2026-07-22,307,1838
AEROUSDT,AERO,2024-12-04,15695803.30822,2024-12-04,2026-07-22,596,3571
OPNUSDT,OPN,2026-02-21,15469024.44735,2026-02-21,2026-07-22,152,907
AVAAIUSDT,AVAAI,2025-01-17,15368869.949547,2025-01-17,2026-07-22,552,3307
FETUSDT,FET,2023-01-15,14946450.2294,2023-01-17,2026-07-22,1283,3851
1000SHIBUSDT,1000SHIB,2021-05-10,14882322.383253,2021-05-10,2026-07-22,1900,5698
EVAAUSDT,EVAA,2025-10-03,14438214.45654,2025-10-03,2026-07-22,293,1754
ETCUSDT,ETC,2020-01-16,14193751.29,2020-01-16,2026-07-12,2370,7109
FARTCOINUSDT,FARTCOIN,2024-12-20,14063752.32056,2024-12-20,2026-07-22,580,3474
BIOUSDT,BIO,2025-01-03,13957567.50332,2025-01-03,2026-07-22,566,4203
EIGENUSDT,EIGEN,2024-10-01,13761732.27549,2024-10-01,2026-07-22,660,3957
VANRYUSDT,VANRY,2024-03-13,13397518.693531,2024-03-13,2026-07-22,862,5248
BUSDT,B,2025-05-22,13272089.6454,2025-05-22,2026-07-22,427,2557
BSBUSDT,BSB,2026-03-25,13089409.91276,2026-03-25,2026-07-22,120,716
CRVUSDT,CRV,2020-09-01,13041958.87664,2020-09-01,2026-07-12,2141,6422
AIAUSDT,AIA,2026-01-20,12599144.13193,2026-01-20,2026-07-22,184,2617
JUPUSDT,JUP,2024-01-31,12335797.6338,2024-01-31,2026-07-22,904,5416
TRIAUSDT,TRIA,2026-02-06,12182571.89312,2026-02-06,2026-07-22,167,998
BILLUSDT,BILL,2026-05-07,12134921.09214,2026-05-07,2026-07-22,77,459
MONUSDT,MON,2025-10-10,11727662.02005,2025-10-10,2026-07-22,286,1713
WIFUSDT,WIF,2024-01-18,11722684.07901,2024-01-18,2026-07-22,917,5497
SIRENUSDT,SIREN,2025-03-22,11168255.0973,2025-03-22,2026-07-22,488,3399
ATOMUSDT,ATOM,2020-02-07,10535352.442,2020-02-07,2026-07-12,2348,7045
BTWUSDT,BTW,2026-06-04,10457542.47076,2026-06-04,2026-07-22,49,289
ZILUSDT,ZIL,2020-06-18,10440480.137965,2020-06-18,2026-07-22,2226,7358
BLURUSDT,BLUR,2023-04-27,10268517.87463,2023-04-28,2026-07-22,1182,3927
PENDLEUSDT,PENDLE,2023-07-28,10238750.4955,2023-07-28,2026-07-22,1091,3280
ICPUSDT,ICP,2021-07-30,10106149.515,2022-09-27,2026-07-12,1385,5666
ZBTUSDT,ZBT,2025-10-17,9749202.18199,2025-10-17,2026-07-22,279,2054
TREEUSDT,TREE,2025-07-29,9721203.38822,2025-07-29,2026-07-22,359,2209
GWEIUSDT,GWEI,2026-01-29,9453286.29304,2026-01-29,2026-07-22,175,1368
HEIUSDT,HEI,2025-02-13,9304474.649974,2025-02-13,2026-07-22,525,3160
RENDERUSDT,RENDER,2024-07-26,8898187.3407,2024-07-26,2026-07-22,727,4358
KITEUSDT,KITE,2025-10-29,8894435.11029,2025-10-29,2026-07-22,267,1598
ORDIUSDT,ORDI,2023-11-07,8825893.1489,2023-11-07,2026-07-22,989,5929
CLOUSDT,CLO,2025-10-14,8795406.98267,2025-10-14,2026-07-22,282,1794
