hold,rebalance,k_pct,exec_lag,cost,gross_sharpe,net_sharpe,ann_return,max_drawdown,turnover_annual,cost_drag_annual,n_bars
1,1,0.1,1,low,0.793636756076449,-3.829634758941715,-0.8169501569499547,-0.9949817221392763,9711.947874839003,1.9423895749678004,26398
1,1,0.1,1,med,0.793636756076449,-16.50458398778811,-0.9991262331676232,-0.9999999993989721,9711.947874839003,7.283960906129253,26398
1,1,0.1,1,high,0.793636756076449,-33.575714316763914,-0.99999940625654,-1.0,9711.947874839003,14.567921812258504,26398
1,1,0.1,2,low,-0.17858890581380113,-5.12788788522454,-0.8762877625819416,-0.9982914744476081,9711.394802636563,1.942278960527313,26398
1,1,0.1,2,med,-0.17858890581380113,-18.70766737366519,-0.9994093371038274,-0.9999999998135648,9711.394802636563,7.2835461019774215,26398
1,1,0.1,2,high,-0.17858890581380113,-37.003616040055206,-0.9999995985044893,-1.0,9711.394802636563,14.567092203954845,26398
1,1,0.2,1,low,0.9972860101376978,-5.684994074856086,-0.7644233532754419,-0.9873942207630699,8312.675202666867,1.6625350405333734,26398
1,1,0.2,1,med,0.9972860101376978,-23.986283293699163,-0.997569956232866,-0.9999999867912652,8312.675202666867,6.234506402000149,26398
1,1,0.2,1,high,0.9972860101376978,-48.5272795868313,-0.999995269361153,-0.9999999999999999,8312.675202666867,12.469012804000304,26398
1,1,0.2,2,low,-0.112856790810514,-7.242139984629273,-0.8202498404542544,-0.9943260838156542,8312.248546967843,1.6624497093935686,26398
1,1,0.2,2,med,-0.112856790810514,-26.76903455460692,-0.9981455870844989,-0.999999994141031,8312.248546967843,6.234186410225882,26398
1,1,0.2,2,high,-0.112856790810514,-52.92107494055945,-0.9999963893316102,-1.0,8312.248546967843,12.468372820451766,26398
1,1,0.3,1,low,1.2670250689971558,-6.4029846009032,-0.7046743958033603,-0.9752472034692854,7198.284994042247,1.4396569988084496,26398
1,1,0.3,1,med,1.2670250689971558,-27.406816704840093,-0.9943736864575117,-0.9999998339788703,7198.284994042247,5.398713745531686,26398
1,1,0.3,1,high,1.2670250689971558,-55.505576622210135,-0.9999746885122391,-0.9999999999999859,7198.284994042247,10.797427491063372,26398
1,1,0.3,2,low,0.003994012178199151,-8.192701911403999,-0.7664731348864801,-0.9875117425432787,7198.01348587014,1.4396026971740281,26398
1,1,0.3,2,med,0.003994012178199151,-30.607836656472603,-0.9955508925381523,-0.9999999181271005,7198.01348587014,5.3985101144026055,26398
1,1,0.3,2,high,0.003994012178199151,-60.47456827409571,-0.9999799836627288,-0.9999999999999931,7198.01348587014,10.79702022880521,26398
2,1,0.1,1,low,0.36776201239577855,-3.2354851015033343,-0.7048071980452504,-0.9791876360383247,6436.875520872794,1.2873751041745587,26398
2,1,0.1,1,med,0.36776201239577855,-13.136561456075501,-0.9914490762974344,-0.9999994165633532,6436.875520872794,4.827656640654594,26398
2,1,0.1,1,high,0.36776201239577855,-26.590971756858693,-0.9999318364586097,-0.9999999999997224,6436.875520872794,9.655313281309187,26398
2,1,0.1,2,low,-0.635208760717492,-4.368275533273808,-0.791148762705667,-0.9916194845639494,6436.709599212062,1.287341919842412,26398
2,1,0.1,2,med,-0.635208760717492,-14.625093623868086,-0.993950432471443,-0.9999997940064341,6436.709599212062,4.827532199409046,26398
2,1,0.1,2,high,-0.635208760717492,-28.5584306653977,-0.9999517790097006,-0.999999999999902,6436.709599212062,9.655064398818093,26398
2,1,0.2,1,low,0.5158279818573044,-4.797788719695865,-0.6516628521522313,-0.9599092705802956,5710.9761562023095,1.142195231240462,26398
2,1,0.2,1,med,0.5158279818573044,-19.39137518888752,-0.984953578170789,-0.9999967819169961,5710.9761562023095,4.283232117151731,26398
2,1,0.2,1,high,0.5158279818573044,-39.1803159418515,-0.9997930633625348,-0.9999999999920953,5710.9761562023095,8.566464234303462,26398
2,1,0.2,2,low,-0.43819389122477354,-6.013690807560941,-0.7143590732172993,-0.9772624926894247,5710.762828352796,1.1421525656705596,26398
2,1,0.2,2,med,-0.43819389122477354,-21.329582476007786,-0.9876610173933807,-0.9999982293734221,5710.762828352796,4.283072121264598,26398
2,1,0.2,2,high,-0.43819389122477354,-42.0979337032324,-0.9998302857717141,-0.9999999999956513,5710.762828352796,8.566144242529196,26398
2,1,0.3,1,low,0.7361955579476728,-5.498760787548011,-0.5948854658393619,-0.9366153030426964,5047.955354744505,1.0095910709489009,26398
2,1,0.3,1,med,0.7361955579476728,-22.615877729453526,-0.9747952969505672,-0.9999847625532317,5047.955354744505,3.785966516058379,26398
2,1,0.3,1,high,0.7361955579476728,-45.778903682314095,-0.999429624062932,-0.9999999998322016,5047.955354744505,7.571933032116757,26398
2,1,0.3,2,low,-0.26728081717456426,-6.819616848833313,-0.6544727604967902,-0.9593752076614177,5047.81960065845,1.0095639201316904,26398
2,1,0.3,2,med,-0.26728081717456426,-24.8055460432835,-0.9785020269367579,-0.9999905673577185,5047.81960065845,3.7858647004938386,26398
2,1,0.3,2,high,-0.26728081717456426,-49.12626931187864,-0.9995134889066642,-0.9999999998960912,5047.81960065845,7.571729400987677,26398
2,2,0.1,1,low,0.5476896733176471,-2.6483674086733404,-0.6849293840029385,-0.9803916145868142,6471.1659974240465,1.2942331994848097,26398
2,2,0.1,1,med,0.5476896733176471,-11.330344880992785,-0.9910568688016902,-0.9999993336930638,6471.1659974240465,4.853374498068035,26398
2,2,0.1,1,high,0.5476896733176471,-22.576962990678673,-0.9999308314662816,-0.9999999999997107,6471.1659974240465,9.70674899613607,26398
2,2,0.1,2,low,-0.5854570691329828,-3.916855044059668,-0.7975711152359959,-0.992300719201167,6470.834154102582,1.294166830820517,26398
2,2,0.1,2,med,-0.5854570691329828,-12.984491249072741,-0.9942515206303152,-0.9999998230931056,6470.834154102582,4.853125615576938,26398
2,2,0.1,2,high,-0.5854570691329828,-24.735530745106917,-0.9999555119438828,-0.9999999999999232,6470.834154102582,9.706251231153876,26398
2,2,0.2,1,low,0.7080448269215004,-4.038379197022164,-0.6350779490691658,-0.9586600607108119,5749.138138170641,1.149827627634128,26398
2,2,0.2,1,med,0.7080448269215004,-16.76835288508669,-0.9845812936240775,-0.999996544823471,5749.138138170641,4.311853603627981,26398
2,2,0.2,1,high,0.7080448269215004,-32.40363570149038,-0.9997946310007503,-0.9999999999922812,5749.138138170641,8.623707207255961,26398
2,2,0.2,2,low,-0.535217514882408,-5.48498172553329,-0.7277797610213554,-0.9805165253804685,5748.711482471614,1.1497422964943231,26398
2,2,0.2,2,med,-0.535217514882408,-18.78444882675154,-0.9884940648318901,-0.9999985676805493,5748.711482471614,4.311533611853711,26398
2,2,0.2,2,high,-0.535217514882408,-35.06641869032249,-0.9998466729843588,-0.9999999999968021,5748.711482471614,8.623067223707421,26398
2,2,0.3,1,low,0.9355583710168462,-4.710810973149316,-0.578362996610823,-0.9293261947609581,5076.297791154976,1.0152595582309953,26398
2,2,0.3,1,med,0.9355583710168462,-19.710063830175535,-0.9741945548104992,-0.9999836561633301,5076.297791154976,3.807223343366233,26398
2,2,0.3,1,high,0.9355583710168462,-37.42891334965338,-0.999429825831072,-0.9999999998324262,5076.297791154976,7.614446686732466,26398
2,2,0.3,2,low,-0.34847650597609947,-6.2167541134587445,-0.663945269324158,-0.9626262938535071,5076.02628298287,1.015205256596574,26398
2,2,0.3,2,med,-0.34847650597609947,-21.831051841735132,-0.9794279266392746,-0.9999917397569542,5076.02628298287,3.8070197122371523,26398
2,2,0.3,2,high,-0.34847650597609947,-40.17808268703057,-0.9995453214674613,-0.999999999915283,5076.02628298287,7.6140394244743055,26398
4,1,0.1,1,low,-0.4955406862517276,-3.0716668414596384,-0.6096988607902628,-0.9476554203541602,3765.1865040280827,0.7530373008056165,26398
4,1,0.1,1,med,-0.4955406862517276,-10.156749892586298,-0.9508145903530878,-0.9998860668899467,3765.1865040280827,2.8238898780210624,26398
4,1,0.1,1,high,-0.4955406862517276,-19.81499986238651,-0.9970838737955984,-0.9999999771094947,3765.1865040280827,5.647779756042126,26398
4,1,0.1,2,low,-0.8382415420178932,-3.485188967297778,-0.6437543881719394,-0.9573451854200845,3765.020582367351,0.7530041164734702,26398
4,1,0.1,2,med,-0.8382415420178932,-10.763758872262263,-0.9551035837084089,-0.999913207961415,3765.020582367351,2.823765436775514,26398
4,1,0.1,2,high,-0.8382415420178932,-20.682424819202623,-0.9973379468589986,-0.9999999825832544,3765.020582367351,5.647530873551027,26398
4,1,0.2,1,low,-0.3456307197239422,-4.247441914700746,-0.5341346451174537,-0.9028677146121604,3436.8499236955176,0.6873699847391036,26398
4,1,0.2,1,med,-0.3456307197239422,-14.976631541465455,-0.9296659616913827,-0.9996646220902362,3436.8499236955176,2.5776374427716386,26398
4,1,0.2,1,high,-0.3456307197239422,-29.591221476187094,-0.9946642129023544,-0.9999998584271044,3436.8499236955176,5.155274885543277,26398
4,1,0.2,2,low,-0.740819235085036,-4.733963716106357,-0.5638489385733501,-0.9183109613713896,3436.731408223566,0.6873462816447132,26398
4,1,0.2,2,med,-0.740819235085036,-15.713258592250517,-0.9341488442668047,-0.999724719228993,3436.731408223566,2.5775485561676748,26398
4,1,0.2,2,high,-0.740819235085036,-30.665351572888667,-0.9950039655012581,-0.9999998838882863,3436.731408223566,5.1550971123353495,26398
4,1,0.3,1,low,-0.16960704077997915,-4.85419831441672,-0.47868009346680396,-0.8631777811183694,3100.6786326787833,0.6201357265357568,26398
4,1,0.3,1,med,-0.16960704077997915,-17.731594231898114,-0.905302172521576,-0.9991774641485713,3100.6786326787833,2.325508974509088,26398
4,1,0.3,1,high,-0.16960704077997915,-35.25144593112939,-0.9907536927915122,-0.9999992578257206,3100.6786326787833,4.6510179490181764,26398
4,1,0.3,2,low,-0.6726093445286779,-5.492954287844533,-0.51078369494775,-0.8853695370165372,3100.5579623800695,0.620111592476014,26398
4,1,0.3,2,med,-0.6726093445286779,-18.739948315257948,-0.9111292444387047,-0.9993206148287647,3100.5579623800695,2.3254184717850523,26398
4,1,0.3,2,high,-0.6726093445286779,-36.7525225295846,-0.9913220426690715,-0.9999993869691137,3100.5579623800695,4.650836943570105,26398
4,2,0.1,1,low,-0.5727156592874063,-2.9681675629917774,-0.6265440618604927,-0.9551997233342356,3774.1094022274415,0.7548218804454884,26398
4,2,0.1,1,med,-0.5727156592874063,-9.50550149410535,-0.9531939815415565,-0.9999018596356045,3774.1094022274415,2.8305820516705813,26398
4,2,0.1,1,high,-0.5727156592874063,-18.160268680844194,-0.9972478109445977,-0.9999999807812361,3774.1094022274415,5.661164103341162,26398
4,2,0.1,2,low,-0.6199093365647812,-3.082689083841473,-0.6291119394584388,-0.9516216595785559,3773.7775589059775,0.7547555117811956,26398
4,2,0.1,2,med,-0.6199093365647812,-9.819018061900447,-0.9534985515331502,-0.999903517224063,3773.7775589059775,2.8303331691794833,26398
4,2,0.1,2,high,-0.6199093365647812,-18.762411615505677,-0.997264333217953,-0.999999981091111,3773.7775589059775,5.6606663383589675,26398
4,2,0.2,1,low,-0.33367266098828696,-3.941448799762856,-0.5376493790241623,-0.9072878022294824,3447.0462047990645,0.6894092409598129,26398
4,2,0.2,1,med,-0.33367266098828696,-13.709515872179448,-0.9306158571839988,-0.9996783683744312,3447.0462047990645,2.5852846535992984,26398
4,2,0.2,1,high,-0.33367266098828696,-26.222259641391492,-0.9947828962288957,-0.9999998678114763,3447.0462047990645,5.170569307198596,26398
4,2,0.2,2,low,-0.6578649167795557,-4.3332903697477185,-0.5641340369171,-0.9193903488551102,3446.809173855162,0.6893618347710325,26398
4,2,0.2,2,med,-0.6578649167795557,-14.318407645763763,-0.9345753804726598,-0.9997300574956713,3446.809173855162,2.5851068803913715,26398
4,2,0.2,2,high,-0.6578649167795557,-27.159662876695005,-0.995079081314761,-0.999999889069827,3446.809173855162,5.170213760782743,26398
4,2,0.3,1,low,-0.18731943814849908,-4.549668655571526,-0.4820492168160758,-0.8645726846048722,3105.389802257746,0.6210779604515493,26398
4,2,0.3,1,med,-0.18731943814849908,-16.281128277192572,-0.9061887071277114,-0.9992008632955126,3105.389802257746,2.32904235169331,26398
4,2,0.3,1,high,-0.18731943814849908,-30.908276848169546,-0.9908817247858616,-0.999999288468473,3105.389802257746,4.658084703386618,26398
4,2,0.3,2,low,-0.5104708632196523,-4.951375184582136,-0.5045088660302677,-0.8815948788457477,3105.1484616603184,0.6210296923320635,26398
4,2,0.3,2,med,-0.5104708632196523,-16.940758567490377,-0.9102388272497449,-0.9992998947699181,3105.1484616603184,2.3288613462452386,26398
4,2,0.3,2,high,-0.5104708632196523,-31.9478655446724,-0.991273030799323,-0.9999993764761039,3105.1484616603184,4.657722692490477,26398
4,4,0.1,1,low,0.2486867607971425,-1.6816173760299304,-0.521052179713436,-0.9068155891575609,3782.792635805742,0.7565585271611487,26398
4,4,0.1,1,med,0.2486867607971425,-6.9346867243360375,-0.940296838891258,-0.9997966528336889,3782.792635805742,2.8370944768543067,26398
4,4,0.1,1,high,0.2486867607971425,-13.755644392454965,-0.9965210455398716,-0.999999961087743,3782.792635805742,5.674188953708613,26398
4,4,0.1,2,low,-0.0029744579803816953,-1.9968418351005601,-0.5638127102070387,-0.9230081921801985,3782.128949162815,0.7564257898325631,26398
4,4,0.1,2,med,-0.0029744579803816953,-7.428881605945293,-0.9455956786194413,-0.9998477980007322,3782.128949162815,2.8365967118721116,26398
4,4,0.1,2,high,-0.0029744579803816953,-14.47971034799496,-0.9968273070908434,-0.9999999704452323,3782.128949162815,5.673193423744223,26398
4,4,0.2,1,low,0.49159100804920813,-2.4452755972793474,-0.45224636942038354,-0.8426053900971167,3447.9469223858946,0.689589384477179,26398
4,4,0.2,1,med,0.49159100804920813,-10.330295027190958,-0.917887755072848,-0.9994651120060942,3447.9469223858946,2.585960191789421,26398
4,4,0.2,1,high,0.49159100804920813,-19.97530063074676,-0.9938432549679002,-0.9999997820909038,3447.9469223858946,5.171920383578842,26398
4,4,0.2,2,low,-0.002382982668112628,-3.010276352701461,-0.5114927884694188,-0.8871630935051369,3447.472860498089,0.689494572099618,26398
4,4,0.2,2,med,-0.002382982668112628,-11.087072943614377,-0.9267451788828556,-0.999620494899209,3447.472860498089,2.585604645373567,26398
4,4,0.2,2,high,-0.002382982668112628,-20.9327907243225,-0.9945049189751515,-0.9999998453040193,3447.472860498089,5.171209290747134,26398
4,4,0.3,1,low,0.33879734446521603,-3.2165219803377263,-0.43897701959247404,-0.8275527411221503,3109.130581517883,0.6218261163035765,26398
4,4,0.3,1,med,0.33879734446521603,-12.647730043089773,-0.8986468300293159,-0.9989915931885428,3109.130581517883,2.3318479361384123,26398
4,4,0.3,1,high,0.33879734446521603,-23.642108452343525,-0.990193836853661,-0.9999991140041594,3109.130581517883,4.663695872276825,26398
4,4,0.3,2,low,-0.0963064849618704,-3.726626931470174,-0.47946859682927,-0.8621436092916028,3108.6479003230265,0.6217295800646053,26398
4,4,0.3,2,med,-0.0963064849618704,-13.354571632930137,-0.9059333077679468,-0.9991937319111457,3108.6479003230265,2.33148592524227,26398
4,4,0.3,2,high,-0.0963064849618704,-24.52379225534361,-0.9908950371514957,-0.9999992914910202,3108.6479003230265,4.662971850484539,26398
6,1,0.1,1,low,-0.7050724335524012,-2.7029309952287126,-0.5099751995212932,-0.8877003925878566,2518.0916483571987,0.5036183296714396,26398
6,1,0.1,1,med,-0.7050724335524012,-8.196935360156079,-0.8773569543622175,-0.9982067018113097,2518.0916483571987,1.888568736267899,26398
6,1,0.1,1,high,-0.7050724335524012,-15.686234612663517,-0.9814580383975784,-0.9999939585868636,2518.0916483571987,3.777137472535798,26398
6,1,0.1,2,low,-1.0558339815084412,-3.1195882827110935,-0.5466688789475633,-0.9097999757196626,2517.981033916711,0.503596206783342,26398
6,1,0.1,2,med,-1.0558339815084412,-8.794504321165252,-0.8865352994997577,-0.9985814292987171,2517.981033916711,1.8884857754375333,26398
6,1,0.1,2,high,-1.0558339815084412,-16.529553271056166,-0.982844582018971,-0.9999952200788477,2517.981033916711,3.7769715508750665,26398
6,1,0.2,1,low,-0.5143817421529709,-3.522912629456437,-0.4218079273710602,-0.8096960484855362,2289.559317264295,0.457911863452859,26398
6,1,0.2,1,med,-0.5143817421529709,-11.79514776956043,-0.8359001238255354,-0.9956872725074793,2289.559317264295,1.7171694879482209,26398
6,1,0.2,1,high,-0.5143817421529709,-23.06589978938968,-0.970547736158682,-0.9999756367856397,2289.559317264295,3.434338975896442,26398
6,1,0.2,2,low,-0.8723799326919922,-3.971833778102448,-0.4499486247971477,-0.8351715820780283,2289.472405918197,0.45789448118363946,26398
6,1,0.2,2,med,-0.8723799326919922,-12.495404853797178,-0.8438801066349226,-0.996288834154081,2289.472405918197,1.717104304438648,26398
6,1,0.2,2,high,-0.8723799326919922,-24.111312349243455,-0.9719783043231857,-0.9999790313490622,2289.472405918197,3.434208608877296,26398
6,1,0.3,1,low,-0.40281265763845125,-4.014550318765031,-0.3712370248831156,-0.7567281290152128,2057.8801011095875,0.4115760202219175,26398
6,1,0.3,1,med,-0.40281265763845125,-13.944256462098378,-0.7972884450234685,-0.9918473472019596,2057.8801011095875,1.5434100758321911,26398
6,1,0.3,1,high,-0.40281265763845125,-27.465619548939816,-0.9567089402824556,-0.9999222274212917,2057.8801011095875,3.086820151664382,26398
6,1,0.3,2,low,-0.8795075743722734,-4.602513601431096,-0.4024576468862633,-0.7891929408871303,2057.809710102005,0.4115619420204009,26398
6,1,0.3,2,med,-0.8795075743722734,-14.839742350719412,-0.8073473813418708,-0.9930065666651032,2057.809710102005,1.5433572825765038,26398
6,1,0.3,2,high,-0.8795075743722734,-28.782799860662283,-0.9588552291837523,-0.999933276576998,2057.809710102005,3.0867145651530077,26398
6,2,0.1,1,low,-0.7995568094587882,-2.6822224447793617,-0.5297824897404215,-0.9033678069753337,2522.15672904513,0.504431345809026,26398
6,2,0.1,1,med,-0.7995568094587882,-7.835361281553887,-0.8826049277344993,-0.9984286873384264,2522.15672904513,1.8916175467838474,26398
6,2,0.1,1,high,-0.7995568094587882,-14.734769644739208,-0.9823176590214279,-0.9999947638378912,2522.15672904513,3.7832350935676957,26398
6,2,0.1,2,low,-0.9258319995459983,-2.8453158640611047,-0.5426549357079757,-0.9060189146953841,2521.9355001641543,0.5043871000328309,26398
6,2,0.1,2,med,-0.9258319995459983,-8.105494708486336,-0.8857969576991017,-0.9985534293899702,2521.9355001641543,1.8914516251231155,26398
6,2,0.1,2,high,-0.9258319995459983,-15.159513011001478,-0.9827939858830834,-0.9999951774707102,2521.9355001641543,3.782903250246231,26398
6,2,0.2,1,low,-0.4874852227488344,-3.307388930047689,-0.4240385144721587,-0.8130810752313962,2295.5656813827886,0.4591131362765579,26398
6,2,0.2,1,med,-0.4874852227488344,-10.98474448837181,-0.8371031443981126,-0.9957818471217789,2295.5656813827886,1.7216742610370912,26398
6,2,0.2,1,high,-0.4874852227488344,-21.047367568504157,-0.9709113474488514,-0.9999765319676244,2295.5656813827886,3.443348522074184,26398
6,2,0.2,2,low,-0.7572769957847167,-3.61320017351616,-0.4477712725691688,-0.8329358573618517,2295.3918586905934,0.4590783717381188,26398
6,2,0.2,2,med,-0.7572769957847167,-11.410353778202355,-0.8437917893571909,-0.9962825040329337,2295.3918586905934,1.721543894017945,26398
6,2,0.2,2,high,-0.7572769957847167,-21.670587638424767,-0.9720999961177356,-0.999979304563838,2295.3918586905934,3.4430877880358906,26398
6,2,0.3,1,low,-0.2691989113902453,-3.6609372168248964,-0.36421528022154903,-0.7498405114381068,2063.7386441121566,0.4127477288224313,26398
6,2,0.3,1,med,-0.2691989113902453,-12.856603129321812,-0.7957147786518851,-0.991655131070022,2063.7386441121566,1.5478039830841177,26398
6,2,0.3,1,high,-0.2691989113902453,-24.708392440590742,-0.9565836759845578,-0.9999215472989929,2063.7386441121566,3.0956079661682363,26398
6,2,0.3,2,low,-0.6783407186326976,-4.123515286822453,-0.39418612290664257,-0.7795143401150015,2063.59786209699,0.41271957241939805,26398
6,2,0.3,2,med,-0.6783407186326976,-13.49724312585129,-0.8053219517026338,-0.9927826490524121,2063.59786209699,1.547698396572743,26398
6,2,0.3,2,high,-0.6783407186326976,-25.633806729594298,-0.9586188529563956,-0.9999321147437035,2063.59786209699,3.0953967931454858,26398
6,4,0.1,1,low,-0.7148081600531849,-2.9877739159548744,-0.6499923030425822,-0.9587871522654539,3782.460792484279,0.7564921584968559,26398
6,4,0.1,1,med,-0.7148081600531849,-9.197463386634533,-0.9563333174843441,-0.9999201760923383,3782.460792484279,2.836845594363209,26398
6,4,0.1,1,high,-0.7148081600531849,-17.446552311528887,-0.9974484121048821,-0.99999998467147,3782.460792484279,5.673691188726418,26398
6,4,0.1,2,low,-0.537866001730944,-2.8442947488624744,-0.6272000063198391,-0.9510333765980002,3782.128949162815,0.756425789832563,26398
6,4,0.1,2,med,-0.537866001730944,-9.153751271910762,-0.9534752090036266,-0.9999039658550031,3782.128949162815,2.8365967118721116,26398
6,4,0.1,2,high,-0.537866001730944,-17.550230687595597,-0.9972802418416911,-0.9999999814205366,3782.128949162815,5.673193423744222,26398
6,4,0.2,1,low,-0.22030737934313038,-3.670953864633467,-0.5293113390039543,-0.897319403997075,3447.709891441992,0.6895419782883984,26398
6,4,0.2,1,med,-0.22030737934313038,-13.031811025701648,-0.9293889707382982,-0.9996602874656456,3447.709891441992,2.5857824185814935,26398
6,4,0.2,1,high,-0.22030737934313038,-25.096656875611156,-0.9946931490863022,-0.9999998607281043,3447.709891441992,5.171564837162987,26398
6,4,0.2,2,low,-0.3423819603873963,-3.8085642790739365,-0.5404137846338968,-0.9052926429988737,3447.472860498089,0.689494572099618,26398
6,4,0.2,2,med,-0.3423819603873963,-13.230172873279242,-0.9310414032189763,-0.999683684363192,3447.472860498089,2.585604645373567,26398
6,4,0.2,2,high,-0.3423819603873963,-25.40759621110116,-0.9948159941098652,-0.9999998702186544,3447.472860498089,5.171209290747133,26398
6,4,0.3,1,low,-0.31225880305774323,-4.468198545656488,-0.4932116260454785,-0.8731725768609531,3108.8892409204545,0.6217778481840911,26398
6,4,0.3,1,med,-0.31225880305774323,-15.67814805359271,-0.9083857952261761,-0.9992554296190581,3108.8892409204545,2.3316669306903415,26398
6,4,0.3,1,high,-0.31225880305774323,-29.785042812693266,-0.991118491404096,-0.9999993426060816,3108.8892409204545,4.663333861380683,26398
6,4,0.3,2,low,-0.4064215015143792,-4.5713643468159155,-0.5001909887967417,-0.8792101814877664,3108.6479003230265,0.6217295800646053,26398
6,4,0.3,2,med,-0.4064215015143792,-15.824899422328652,-0.9096328620967503,-0.9992855551486322,3108.6479003230265,2.33148592524227,26398
6,4,0.3,2,high,-0.4064215015143792,-30.020482198145892,-0.9912374536908767,-0.9999993687846502,3108.6479003230265,4.66297185048454,26398
12,1,0.1,1,low,-0.7969460237406002,-2.1524865118642706,-0.3430370004991299,-0.7261656619927765,1267.69381835849,0.25353876367169775,26398
12,1,0.1,1,med,-0.7969460237406002,-5.880061676347658,-0.6728781674936426,-0.9655180693908425,1267.69381835849,0.9507703637688677,26398
12,1,0.1,1,high,-0.7969460237406002,-10.962023927657535,-0.8736085404682663,-0.9980363999357785,1267.69381835849,1.9015407275377352,26398
12,1,0.1,2,low,-1.0520381672094146,-2.4323319057245256,-0.3710279484925333,-0.759104045534561,1267.6477290082864,0.2535295458016572,26398
12,1,0.1,2,med,-1.0520381672094146,-6.2279264776837655,-0.6868089226022995,-0.9697561877312233,1267.6477290082864,0.9507357967562151,26398
12,1,0.1,2,high,-1.0520381672094146,-11.402478643055593,-0.8789874490413919,-0.9982775894355262,1267.6477290082864,1.90147159351243,26398
12,1,0.2,1,low,-0.5479432427728126,-2.6101689977507174,-0.25733658160726747,-0.5984141165815731,1150.6420598007298,0.23012841196014597,26398
12,1,0.2,1,med,-0.5479432427728126,-8.281082771884641,-0.6056082387065411,-0.9394184304197458,1150.6420598007298,0.8629815448505472,26398
12,1,0.2,1,high,-0.5479432427728126,-16.011443526246474,-0.833628000112498,-0.9955048062716413,1150.6420598007298,1.725963089701095,26398
12,1,0.2,2,low,-0.862500888475358,-2.9520390637924976,-0.28192568064329837,-0.6371277198726895,1150.6065051591443,0.23012130103182885,26398
12,1,0.2,2,med,-0.862500888475358,-8.697590813373862,-0.6186600165629078,-0.9452609603837645,1150.6065051591443,0.8629548788693582,26398
12,1,0.2,2,high,-0.862500888475358,-16.528525584066234,-0.8391302112102568,-0.9959380513149422,1150.6065051591443,1.7259097577387164,26398
12,1,0.3,1,low,-0.5449473908455083,-3.019278840456157,-0.22502955989529627,-0.5431059809621586,1030.3543471580065,0.20607086943160133,26398
12,1,0.3,1,med,-0.5449473908455083,-9.823069662452452,-0.560299185281994,-0.915962836145209,1030.3543471580065,0.772765760368505,26398
12,1,0.3,1,high,-0.5449473908455083,-19.09515574764946,-0.7969972173717476,-0.9918120005767197,1030.3543471580065,1.5455315207370095,26398
12,1,0.3,2,low,-0.8842794024738617,-3.3885858319059823,-0.24589009693628738,-0.5784110144445225,1030.3191516542151,0.206063830330843,26398
12,1,0.3,2,med,-0.8842794024738617,-10.274403280268773,-0.5721275601223897,-0.9225659320809955,1030.3191516542151,0.7727393637406613,26398
12,1,0.3,2,high,-0.8842794024738617,-19.65722329821649,-0.802453512458174,-0.9924574121540123,1030.3191516542151,1.5454787274813224,26398
12,2,0.1,1,low,-0.9646650050616656,-2.2281907551229163,-0.3736599345650814,-0.764849420626521,1269.4610955375408,0.2538922191075082,26398
12,2,0.1,1,med,-0.9646650050616656,-5.694284175244464,-0.6884506731662025,-0.9702899398997308,1269.4610955375408,0.9520958216531558,26398
12,2,0.1,1,high,-0.9646650050616656,-10.378769017442755,-0.8798071577477932,-0.9983128142754978,1269.4610955375408,1.9041916433063113,26398
12,2,0.1,2,low,-0.9635701788563559,-2.246705855922347,-0.3713197458826678,-0.7592603770883475,1269.3689168371343,0.25387378336742683,26398
12,2,0.1,2,med,-0.9635701788563559,-5.770011051651367,-0.687261185992009,-0.9699479135651006,1269.3689168371343,0.9520266876278508,26398
12,2,0.1,2,high,-0.9635701788563559,-10.53904762027494,-0.8793348719849668,-0.9982924661202873,1269.3689168371343,1.9040533752557016,26398
12,2,0.2,1,low,-0.6872236830945394,-2.6227103598406187,-0.27337730801332294,-0.6229137297405631,1152.3496368772526,0.2304699273754506,26398
12,2,0.2,1,med,-0.6872236830945394,-7.91756511154382,-0.6145092942419477,-0.9434540723197837,1152.3496368772526,0.8642622276579396,26398
12,2,0.2,1,high,-0.6872236830945394,-14.99673470562962,-0.8376150107296827,-0.9958216632035601,1152.3496368772526,1.7285244553158792,26398
12,2,0.2,2,low,-0.851538864824261,-2.796202485705026,-0.28709794219613005,-0.6442924138152077,1152.2785275940817,0.23045570551881642,26398
12,2,0.2,2,med,-0.851538864824261,-8.126412380933107,-0.6217661031921109,-0.946622576936053,1152.2785275940817,0.8642088956955614,26398
12,2,0.2,2,high,-0.851538864824261,-15.275256428950447,-0.8406590635382091,-0.9960554164986241,1152.2785275940817,1.7284177913911232,26398
12,2,0.3,1,low,-0.6037937366910985,-2.9243449638098404,-0.23190501612830938,-0.5564761057216405,1031.3212777827518,0.2062642555565504,26398
12,2,0.3,1,med,-0.6037937366910985,-9.258778051618052,-0.564449946795299,-0.9183749600193246,1031.3212777827518,0.773490958337064,26398
12,2,0.3,1,high,-0.6037937366910985,-17.657016729535076,-0.7990829207105115,-0.9920628976067527,1031.3212777827518,1.5469819166741283,26398
12,2,0.3,2,low,-0.7819111085315471,-3.1119243561282093,-0.2437593560351492,-0.575336388025206,1031.2508867751687,0.2062501773550338,26398
12,2,0.3,2,med,-0.7819111085315471,-9.489481602868375,-0.5711486659260898,-0.9220237303684126,1031.2508867751687,0.7734381650813766,26398
12,2,0.3,2,high,-0.7819111085315471,-17.98207950139888,-0.8021583387083632,-0.9924233988479506,1031.2508867751687,1.546876330162753,26398
12,4,0.1,1,low,-0.7931527214650497,-1.8803137196331101,-0.37252269987239217,-0.783676420155738,1268.6370179559058,0.25372740359118134,26398
12,4,0.1,1,med,-0.7931527214650497,-4.85787783014442,-0.6877669409443647,-0.9706352707857279,1268.6370179559058,0.9514777634669295,26398
12,4,0.1,1,high,-0.7931527214650497,-8.849317348594916,-0.8795033903938434,-0.9983025627882126,1268.6370179559058,1.9029555269338585,26398
12,4,0.1,2,low,-1.0354088747596275,-2.1363779552698032,-0.40480115579701814,-0.8013474378523046,1268.4526605550925,0.25369053211101855,26398
12,4,0.1,2,med,-1.0354088747596275,-5.152985630840717,-0.7037919121177008,-0.9746696237014048,1268.4526605550925,0.9513394954163195,26398
12,4,0.1,2,high,-1.0354088747596275,-9.19846403159739,-0.8856683466084975,-0.9985492141395591,1268.4526605550925,1.9026789908326391,26398
12,4,0.2,1,low,-0.4133598958357994,-2.075074966232465,-0.2575474466977905,-0.6108678138347655,1153.835030792376,0.23076700615847526,26398
12,4,0.2,1,med,-0.4133598958357994,-6.604000905908832,-0.6064597527822246,-0.9402788941023155,1153.835030792376,0.8653762730942821,26398
12,4,0.2,1,high,-0.4133598958357994,-12.546807806782226,-0.8344493786368586,-0.9955713516841087,1153.835030792376,1.7307525461885644,26398
12,4,0.2,2,low,-0.9316834753918923,-2.6082122621968042,-0.3082020228465415,-0.6826617618060269,1153.6928122260344,0.230738562445207,26398
12,4,0.2,2,med,-0.9316834753918923,-7.1826511048834165,-0.6332730774893325,-0.9515399200572039,1153.6928122260344,0.8652696091695258,26398
12,4,0.2,2,high,-0.9316834753918923,-13.193381381781814,-0.8457080773149426,-0.9964189452400882,1153.6928122260344,1.7305392183390518,26398
12,4,0.3,1,low,-0.40432258474305405,-2.4045976582527966,-0.22372300390183675,-0.5476731224486356,1031.3388755346477,0.2062677751069296,26398
12,4,0.3,1,med,-0.40432258474305405,-7.833684875242348,-0.5598396746463018,-0.9168185013559964,1031.3388755346477,0.7735041566509858,26398
12,4,0.3,1,high,-0.40432258474305405,-14.83708565073577,-0.7969993506335181,-0.9918122598646415,1031.3388755346477,1.5470083133019716,26398
12,4,0.3,2,low,-0.8376117311957633,-2.8563361543057395,-0.2569755071441989,-0.6026057846027232,1031.1980935194815,0.20623961870389634,26398
12,4,0.3,2,med,-0.8376117311957633,-8.344097828216574,-0.5786550574261307,-0.9269140960755393,1031.1980935194815,0.7733985701396109,26398
12,4,0.3,2,high,-0.8376117311957633,-15.435898572686481,-0.8056522424063193,-0.9928194858708695,1031.1980935194815,1.546797140279222,26398
24,1,0.1,1,low,-1.0681222527834706,-1.9934849604649159,-0.24701254994330568,-0.5826282491572827,636.4905980812922,0.12729811961625834,26398
24,1,0.1,1,med,-1.0681222527834706,-4.538021902938843,-0.4694262417520113,-0.8521336615858157,636.4905980812922,0.4773679485609692,26398
24,1,0.1,1,high,-1.0681222527834706,-8.007060533063173,-0.6708410475030029,-0.9648669126992296,636.4905980812922,0.9547358971219383,26398
24,1,0.1,2,low,-1.1674319033225342,-2.1039990893047213,-0.25562640038506046,-0.5992800007197617,636.4675534061905,0.12729351068123793,26398
24,1,0.1,2,med,-1.1674319033225342,-4.679389076235857,-0.47548922550812556,-0.8581916720206216,636.4675534061905,0.47735066505464285,26398
24,1,0.1,2,high,-1.1674319033225342,-8.19058534300801,-0.6745968781118694,-0.9660611353182386,636.4675534061905,0.9547013301092857,26398
24,1,0.2,1,low,-0.9296737880091929,-2.3115648770535984,-0.17782380417769805,-0.4514417925558404,574.9080629773005,0.11498161259546005,26398
24,1,0.2,1,med,-0.9296737880091929,-6.111362813389055,-0.40071223073407447,-0.7862476386907576,574.9080629773005,0.43118104723297535,26398
24,1,0.2,1,high,-0.9296737880091929,-11.291050915387382,-0.6106325131252626,-0.941714427556475,574.9080629773005,0.8623620944659509,26398
24,1,0.2,2,low,-1.114003230483426,-2.5051074384636505,-0.18979735170571244,-0.4766550366557464,574.8883103986419,0.11497766207972836,26398
24,1,0.2,2,med,-1.114003230483426,-6.330239084104486,-0.4094336872627594,-0.795485113068692,574.8883103986419,0.4311662327989814,26398
24,1,0.2,2,high,-1.114003230483426,-11.544448242671603,-0.6162935753716874,-0.9442309113849418,574.8883103986419,0.862332465597963,26398
24,1,0.3,1,low,-0.8448983081336378,-2.494254692592439,-0.14543265236724912,-0.38117828749774785,513.2129547346655,0.1026425909469331,26398
24,1,0.3,1,med,-0.8448983081336378,-7.029345100512454,-0.35560096808104835,-0.7339924929314674,513.2129547346655,0.38490971605099905,26398
24,1,0.3,1,high,-0.8448983081336378,-13.210255400022,-0.5614913580084149,-0.9166104171120669,513.2129547346655,0.7698194321019982,26398
24,1,0.3,2,low,-1.0717699492653765,-2.727770346866258,-0.15717072695014644,-0.40700195619214874,513.1953569827696,0.10263907139655391,26398
24,1,0.3,2,med,-1.0717699492653765,-7.281325496936376,-0.3644462823200595,-0.7448559513501458,513.1953569827696,0.3848965177370772,26398
24,1,0.3,2,high,-1.0717699492653765,-13.487848463949714,-0.5675050028444185,-0.9200092417805916,513.1953569827696,0.7697930354741545,26398
24,2,0.1,1,low,-1.130792893179047,-2.0073935654322823,-0.2609408326125955,-0.6048214564827463,637.1943806797204,0.12743887613594412,26398
24,2,0.1,1,med,-1.130792893179047,-4.415069982645435,-0.47945007221939506,-0.8611414687335306,637.1943806797204,0.47789578550979034,26398
24,2,0.1,1,high,-1.130792893179047,-7.683855307219138,-0.6772444057049993,-0.9669977737695666,637.1943806797204,0.9557915710195808,26398
24,2,0.1,2,low,-1.0942287979789946,-1.978395227181103,-0.2558651816660684,-0.596708579527035,637.1482913295172,0.12742965826590344,26398
24,2,0.1,2,med,-1.0942287979789946,-4.407623525080687,-0.475858932075495,-0.8581784926009547,637.1482913295172,0.47786121849713803,26398
24,2,0.1,2,high,-1.0942287979789946,-7.707345645527608,-0.6750041420629922,-0.9663180222093442,637.1482913295172,0.955722436994276,26398
24,2,0.2,1,low,-1.1661489478595433,-2.4758885429316835,-0.19841214827454556,-0.4902901082629316,574.8861037710031,0.11497722075420061,26398
24,2,0.2,1,med,-1.1661489478595433,-6.068027653048722,-0.4157200982267666,-0.8024412735102532,574.8861037710031,0.4311645778282523,26398
24,2,0.2,1,high,-1.1661489478595433,-10.919430608528371,-0.6203913479077663,-0.9460550381404296,574.8861037710031,0.8623291556565047,26398
24,2,0.2,2,low,-1.2592988444932363,-2.5712693899499732,-0.20481123709082294,-0.5036925452294634,574.846598613686,0.11496931972273716,26398
24,2,0.2,2,med,-1.2592988444932363,-6.173036055385485,-0.4203686573075506,-0.8072087609900936,574.846598613686,0.4311349489602644,26398
24,2,0.2,2,high,-1.2592988444932363,-11.045477214841373,-0.6233975710997219,-0.9473498070121557,574.846598613686,0.8622698979205289,26398
24,2,0.3,1,low,-0.9328685624730576,-2.498181610638261,-0.15294027681598799,-0.39623959862955316,513.3703486176952,0.10267406972353904,26398
24,2,0.3,1,med,-0.9328685624730576,-6.786962291743089,-0.3613242195927775,-0.7412181986235105,513.3703486176952,0.38502776146327133,26398
24,2,0.3,1,high,-0.9328685624730576,-12.556630695427742,-0.5654500763450396,-0.9188584475484255,513.3703486176952,0.7700555229265427,26398
24,2,0.3,2,low,-1.0429115444496693,-2.6114351209079967,-0.15892989912703337,-0.4102087950593367,513.3351531139035,0.1026670306227807,26398
24,2,0.3,2,med,-1.0429115444496693,-6.914917877501004,-0.3658253484641878,-0.7468738363177269,513.3351531139035,0.3850013648354277,26398
24,2,0.3,2,high,-1.0429115444496693,-12.71773033054251,-0.5684986945259549,-0.9205741672914726,513.3351531139035,0.7700027296708555,26398
24,4,0.1,1,low,-1.2332169876514931,-2.0069225802224295,-0.2908708995334093,-0.6549057361535102,636.5013006035812,0.12730026012071624,26398
24,4,0.1,1,med,-1.2332169876514931,-4.129499378087107,-0.5003512878533117,-0.8782592128868276,636.5013006035812,0.47737597545268584,26398
24,4,0.1,1,high,-1.2332169876514931,-6.99709314715631,-0.6900659817581523,-0.9708815978203816,636.5013006035812,0.9547519509053718,26398
24,4,0.1,2,low,-1.3928292442941215,-2.1683022116720165,-0.3088493951378104,-0.6800005913874219,636.4091219031745,0.12728182438063493,26398
24,4,0.1,2,med,-1.3928292442941215,-4.296321183546207,-0.5129909683308156,-0.8868845113053067,636.4091219031745,0.47730684142738095,26398
24,4,0.1,2,high,-1.3928292442941215,-7.172567044051591,-0.6978828393278806,-0.9729453516825203,636.4091219031745,0.954613682854762,26398
24,4,0.2,1,low,-1.0860644195782907,-2.2488901674546646,-0.20293085481435724,-0.5025319832010687,573.9151234400874,0.11478302468801752,26398
24,4,0.2,1,med,-1.0860644195782907,-5.4303420136279925,-0.41871370593486323,-0.8055700933284076,573.9151234400874,0.4304363425800655,26398
24,4,0.2,1,high,-1.0860644195782907,-9.681428834378279,-0.6220843758982688,-0.9467288692608035,573.9151234400874,0.8608726851601312,26398
24,4,0.2,2,low,-1.323274844155485,-2.48556029876324,-0.22145496529120012,-0.539305551939657,573.8361131254533,0.11476722262509069,26398
24,4,0.2,2,med,-1.323274844155485,-5.668531332767832,-0.43219417180945874,-0.8189416257785594,573.8361131254533,0.43037708484408993,26398
24,4,0.2,2,high,-1.323274844155485,-9.928416868209649,-0.6308229928459079,-0.9503551221372054,573.8361131254533,0.8607541696881799,26398
24,4,0.3,1,low,-0.9575816810223908,-2.3494002309799544,-0.16105451077621558,-0.4137964025062505,512.2554738995377,0.10245109477990762,26398
24,4,0.3,1,med,-0.9575816810223908,-6.150371652462282,-0.3670630919667499,-0.7483886467268416,512.2554738995377,0.3841916054246533,26398
24,4,0.3,1,high,-0.9575816810223908,-11.18826105054285,-0.5690155350607412,-0.9208668804455429,512.2554738995377,0.7683832108493067,26398
24,4,0.3,2,low,-1.1744932937558432,-2.5650995879526683,-0.17441224349964746,-0.44228631545495534,512.1850828919545,0.10243701657839095,26398
24,4,0.3,2,med,-1.1744932937558432,-6.365794127650795,-0.37711446793134507,-0.7601588380551328,512.1850828919545,0.3841388121689659,26398
24,4,0.3,2,high,-1.1744932937558432,-11.41007867440297,-0.5758353939445374,-0.9245676303616444,512.1850828919545,0.7682776243379319,26398
